PARÓQUIAS E CASAS,,,,,,,,,,,,,,
,,,,,,,,,,,,,,
,,,,,,,,,,,,,,
,,,,,,,,,,,,,,
,,,,,,,,,,,,,,
,PARÓQUIA,LOCALIDADE,UF,E-MAIL,TELEFONE,WHATSAPP,DIOCESE,FUNDAÇÃO,ASSUMIDA PELOS DEHONIANOS,ENDEREÇO,INSTAGRAM,FACEBOOK,YOUTUBE,SITE
1,Santuário Santa Rita de Cássia,Curitiba,PR,contato@santuariosantaritadecassia.com.br,41 3276-2075,41 98778-1840,Arquidiocese de Curitiba,5/22/1960,,"R. Padre Dehon, 728 - Hauer | Curitiba-PR, 81630-090",https://www.instagram.com/santaritacuritiba,https://www.facebook.com/santaritacuritiba,https://www.youtube.com/@tvdasrosas,https://www.santuariosantaritadecassia.com.br/
2,Santuário São Judas Tadeu,Curitiba,PR,santuariosjtadeu@gmail.com,41 3276-4021,41 99132-8252,Arquidiocese de Curitiba,3/1/2010,,"R. Carlos de Laet, 2495 - Hauer | Curitiba-PR, 81650-040",https://www.instagram.com/saojudascuritiba/,https://www.facebook.com/SaoJudasCuritiba/,https://www.youtube.com/@santuariosaojudastadeu-hau4636,
3,Imaculada Conceição,Mangueirinha,PR,paroquiamang@hotmail.com,46 3243-1226,46 99928-0662,Diocese de Palmas-Francisco Beltrão,12/8/1971,,"Rua Governador Trotta, 123, Centro | Mangueirinha-PR, 85540-000",https://www.instagram.com/imaculadaconceicaomangueirinha/,https://www.facebook.com/imaculaconceicaomangueirinha,https://www.youtube.com/@paroquiaimaculada33,
4,Nossa Senhora Aparecida,Palmas,PR,aparecidapalmas@live.com,46 3263-1334,46 3263-1334,Diocese de Palmas-Francisco Beltrão,3/3/2012,,"Av. Pres Getúlio Vargas, 20 - Lagoão | Palmas-PR, 85692-432",https://www.instagram.com/paroquiaaparecidapalmas/,https://www.facebook.com/nsapalmas,,
5,Rainha dos Apóstolos,Ariquemes,RO,paroquiarainhadosapostolos@hotmail.com,69 3536-0481,69 3536-0481,Arquidiocese de Porto Velho,3/3/2012,,"R. Distrito Federal, 3784 - Setor 5 | Ariquemes-RO, 76870-690",https://www.instagram.com/rainhadosapostolosparoquia/,https://web.facebook.com/rainhadosapostolosparoquia/,https://www.youtube.com/@paroquiarainhadosapostolosro,
6,São Sebastião,Ji-Paraná,RO,paroquiasaosebastiaojipa@gmail.com,69 3416-4220,69 9233-6956,Diocese de Ji-Paraná,11/28/1984,,"Rua das Pedras, 265 - Jardim dos Migrantes | Ji-Paraná-RO, 76900-722",https://www.instagram.com/pascomsaosebastiaojipa/,https://web.facebook.com/pascomcssoficial/,https://www.youtube.com/@ParoquiaSaoSebastiaojipa,
7,Nossa Senhora de Nazaré,Porto Velho,RO,administrativo@paroquiansnazare.org,69 3227- 0163,69 99600-7098,Arquidiocese de Porto Velho,2/12/2010,,"R. Pau Ferro, 650 - Eldorado | Porto Velho-RO, 76811-666",https://www.instagram.com/paroquianazare_/,https://web.facebook.com/p/Paróquia-Nossa-Senhora-de-Nazaré-Porto-Velho-61556544278325/,https://www.youtube.com/@paroquianossasenhoradenaza474,
8,São José,Boa Vista do Buricá,RS,paroquiasaojosebvb@yahoo.com.br,55 3538-1290,55 99669-0898,Diocese de Santo Ângelo,12/15/1940,,"Av. São José, 805 - Centro | Boa Vista do Buricá-RS, 98918-000",https://www.instagram.com/paroquiasaojosebvb/,https://web.facebook.com/BVBsaojoseParoquia/,https://www.youtube.com/@ParóquiaSãoJosé-BVB,
9,Paróquia Sagrado Coração de Jesus,Porto Xavier,RS,scjpx@hotmail.com,55 3354-1066,55 3354-1066,Diocese de Santo Ângelo,1/26/1964,,"Rua Júlio de Castilhos, 635 - Centro | Porto Xavier-RS, 98995-000",https://www.instagram.com/pascomsagcoracaodejesus,https://web.facebook.com/p/Pascom-Porto-Xavier-100008254681626/,,
10,Nossa Senhora Aparecida,Tuparendi,RS,paroquia.aparecidatup@gmail.com,55 3543-1179,55 3543-1179,Diocese de Santo Ângelo,4/9/1963,,"Avenida Uruguai, 2149 - Centro | Tuparendi-RS, 98940-000",https://www.instagram.com/aparecida.1963/,https://web.facebook.com/aparecidatuparendi,https://www.youtube.com/@paroquiatuparendi,
11,São Pedro Apóstolo,Armazém,SC,paroquiasp@yahoo.com.br,48 3645-0142,48 3645-0142,Diocese de Tubarão,12/21/1940,,"Praça Dois Corações, 80 - Centro | Armazém-SC, 88740-000",https://www.instagram.com/paroquiasaopedroazm/,https://web.facebook.com/igrejasaopedroapostolo/,https://www.youtube.com/@paroquiasaopedroapostoloaz3611,
12,São José,Botuverá,SC,saojosepbotuvera@gmail.com,47 3359-1142,47 98498-9500,Arquidiocese de Florianópolis,12/26/1912,,"Rua Padre Carlos Enderlin, 215 – Centro | Botuverá-SC, 88370-000",https://www.instagram.com/paroquiasaojosebotuvera/,https://www.facebook.com/paroquia.sao.jose.249798/,https://www.youtube.com/@ParoquiaSãoJoséBotuverá,
13,São Luiz Gonzaga,Brusque,SC,secretaria@paroquiasaoluisgonzaga.com,47 3351-1258,47 3351-1258,Arquidiocese de Florianópolis,10/4/1904,,"R. Padre Gatone, 75 - Centro 1 | Brusque-SC, 88350-350",https://www.instagram.com/matrizsaoluisgonzaga/,https://www.facebook.com/matrizsaoluisgonzaga/,https://www.youtube.com/@paroquiasaoluisgonzaga-bru1666,https://www.paroquiasaoluisgonzaga.com/
14,São José,Corupá,SC,psec11@arquijoinville.com.br,47 3375-1166,47 99774-9270,Arquidiocese de Joinville,3/19/1928,,"R. Padre Vicente Schmitz, 116 - Centro | Corupá-SC, 89278-000",https://www.instagram.com/paroquiasaojose.corupa/,https://www.facebook.com/paroquiasaojosecorupa/#,,
15,Santuário Sagrado Coração de Jesus,Gravatal,SC,p.gravatal@diocesetb.org.br,48 3642-2121,48 3642-2121,Diocese de Tubarão,1/30/1966,,"R. Otacílio C. Duarte, 118-166 | Gravatal-SC, 88735-000",https://www.instagram.com/santuarioscj.gravatal/,https://web.facebook.com/santuariogravatal/,https://www.youtube.com/@santuarioscj.gravatal,https://www.psscj.org.br/
16,Nossa Senhora do Perpétuo Socorro,Guabiruba,SC,igrejaguabiruba@gmail.com,47 3354-0115,47 3354-0115,Arquidiocese de Florianópolis,3/19/1963,,"Rua Brusque, 09 - Centro | Guabiruba-SC, 88360-000",https://www.instagram.com/paroquia.guabiruba/,https://www.facebook.com/NossaSenhoradoPerpetuoSocorroGuabiruba,https://www.youtube.com/@paroquia.guabiruba,https://paroquiaguabiruba.org.br/
17,São Cristóvão,Itajaí,SC,secretaria@paroquiasaocristovao.com,47 3341-1408,47 3341-1408,Arquidiocese de Florianópolis,1/29/2011,,"Rua Odílio García, 456 - Cordeiros | Itajaí-SC, 88310-180",https://www.instagram.com/paroquiasaocristovaoitj/,https://www.facebook.com/paroquiasaocristovaoitj,https://www.youtube.com/@paroquiasaocristovaoitj,https://www.paroquiasaocristovao.com/
18,Nossa Senhora das Graças,Jaraguá do Sul,SC,riocerro@diocesejoinville.com.br,47 3376-1931,47 3376-1931,Arquidiocese de Joinville,1/1/2004,,"R. Ângelo Rubini, 1256 - Barra do Rio Cerro | Jaraguá do Sul-SC, 89260-155",https://www.instagram.com/paroquia.nsg.jaragua/,https://www.facebook.com/paroquia.nsg.jaragua,https://www.youtube.com/@paroquia.nsg.jaragua,
19,Nossa Senhora do Rosário,Jaraguá do Sul,SC,psec63@arquijoinville.com.br,47 3276-1002,47 99942-5887,Arquidiocese de Joinville,8/15/1952,,"R. Pioneiro Luiz Sarti, 1397 - Nereu Ramos | Jaraguá do Sul-SC, 89265-500 ",https://www.instagram.com/paroquia.n.sra.rosario_oficial/,https://www.facebook.com/paroquianossasenhoradorosarionereuramos,,
20,São Sebastião,Jaraguá do Sul,SC,psec15@diocesejoinville.com.br  ,47 3371-0321,47 3371-0321,Arquidiocese de Joinville,7/31/1912,,"Av. Mal. Deodoro da Fonseca, 632 - Centro | Jaraguá do Sul-SC, 89251-700",https://www.instagram.com/matrizsaosebastiao/,https://www.facebook.com/matrizsaosebastiao,https://www.youtube.com/@paroquiasaosebastiaoscj-pa21,https://www.paroquiasaosebastiaoscj.com.br/
21,Santuário Sagrado Coração de Jesus,Joinville,SC,comunicacao@santuarioscj.com.br,47 3455-2204,47 9971-7772,Arquidiocese de Joinville,5/4/1917,,"Rua Inácio Bastos, 308 - Bucarein | Joinville-SC, 89202-310",https://www.instagram.com/santuarioscj/,https://www.facebook.com/santuarioscj,https://www.youtube.com/@santuarioscj8092,https://santuarioscj.com.br/
22,São João Batista,Rio do Sul,SC,contato@catedralderiodosul.com.br,47 3521-0769,47 98902-0097,Diocese de Rio do Sul,2/16/2014,,"Rua São João, 154 - Centro | Rio do Sul-SC, 89160-147",https://www.instagram.com/catedralderiodosul/,https://www.facebook.com/catedralderiodosul/,https://www.youtube.com/@catedralderiodosul,https://catedralderiodosul.com.br/
23,São Judas Tadeu,Rio do Sul,SC,paroquiasjt@softhouse.com.br,47 3522-0866, -,Diocese de Rio do Sul,2/2/2008,,"R. Ana Nery, 500 - Santana | Rio do Sul-SC, 89160-000",,https://www.facebook.com/Paroquiasaojudasriodosul/,,
24,Santo Antônio de Pádua,Rio Negrinho,SC,psec19@diocesejoinville.com.br,47 3644-2081,47 3644-2081,Arquidiocese de Joinville,1/1/1944,,"R. Luís Scholz, 175 - Centro | Rio Negrinho-SC, 89295-000",https://www.instagram.com/santoantoniorionegrinhosc/,https://www.facebook.com/santoantoniorionegrinhosc,https://www.youtube.com/@santoantoniorionegrinhosc,
25,Puríssimo Coração de Maria,São Bento do Sul,SC,psec20@diocesejoinville.com.br,47 3633-5057,47 3633-5057,Arquidiocese de Joinville,10/4/1904,,"Rua Capitão Ernesto Nunes, 220 - Centro | São Bento do Sul-SC, 89280-361",https://www.instagram.com/purissimocoracaodemaria/,https://www.facebook.com/PurissimoCoracaodeMariaSbs/,https://www.youtube.com/@paroquiapurissimocoracaode9887,
26,São Sebastião,Vidal Ramos,SC,paroquiass@gmail.com,47 3356-1134,47 3356-1134,Diocese de Rio do Sul,1/20/1951,,"Rua Leoberto Leal, 216 - Centro | Vidal Ramos-SC, 88443-000",https://www.instagram.com/paroquiavidalramos/,https://www.facebook.com/paroquiavidalramos,,
,,,,,,,,,,,,,,
,,,,,,,,,,,,,,
,PARÓQUIA,LOCALIDADE,UF,E-MAIL,TELEFONE,WHATSAPP,DIOCESE,FUNDAÇÃO,ASSUMIDA PELOS DEHONIANOS,ENDEREÇO,INSTAGRAM,FACEBOOK,YOUTUBE,SITE
1,Seminário São José,Rio Negrinho,SC,seminariosaojose@brm.org.br,47 3644-2099,47 3644-2099,,3/20/1949,,"Rua do Seminário, 245 - Centro | Rio Negrinho-SC, 89295-121",https://www.instagram.com/seminariosj/,https://web.facebook.com/seminariosj,,
2,Convento Sagrado Coração de Jesus,Brusque,SC,cscj@brm.org.br,47 3351-1404,47 3351-1404,,6/3/1924,,"R. Padre Leon Dehon, 50 - Centro | Brusque-SC, 88350-365",https://www.instagram.com/conventoscj/,https://web.facebook.com/conventosagradocoracaodejesus/,https://www.youtube.com/@ConventoSagradoCoracaodeJesus,
3,Noviciado Nossa Senhora de Fátima,Jaraguá do Sul,SC,noviciadonsf@gmail.com,47 3376-0559,47 3376-0559,,2/11/1956,,"R. Padre Aloísio Boeing, 742 - Barra do Rio Cerro | Jaraguá do Sul-SC, 89260-200",https://www.instagram.com/noviciadofatima/,https://web.facebook.com/noviciadofatima/,https://www.youtube.com/@noviciadofatima,
,,,,,,,,,,,,,,
,OBRAS,LOCALIDADE,UF,E-MAIL,TELEFONE,WHATSAPP,DIOCESE,FUNDAÇÃO,ASSUMIDA PELOS DEHONIANOS,ENDEREÇO,INSTAGRAM,FACEBOOK,YOUTUBE,SITE
1,Seminário SCJ,Corupá,SC,gerenteseminario@gmail.com,47 3375-1194,47 3375-1194,,1/17/1932,,"Rua Padre Gabriel Lux, 900, Seminário | Corupá-SC, 89278-000",https://www.instagram.com/seminario.scj/,https://web.facebook.com/seminarioscj/,,
2,Casa Padre Dehon,Brusque,SC,cpdehon@yahoo.com.br,47 3351-1906,47 3351-1906,,8/2/1982,,"R. Gilberto Comandolli, 100 - São Luiz | Brusque-SC, 88351-001",https://www.instagram.com/casapadredehon/,https://web.facebook.com/casapadredehon/,,